,Category,Department,Subdepartment
0,ABIS_APPAREL,Apparel,
1,ADULT_COSTUME,Apparel,
2,APPAREL,Apparel,
3,Apparel,Apparel,
4,APPAREL_BELT,Apparel,
5,APPAREL_GLOVES,Apparel,
6,APPAREL_HEAD_NECK_COVERING,Apparel,
7,APPAREL_PIN,Apparel,
8,APPENDAGE_WARMER,Apparel,
9,ARM_SLEEVE,Apparel,
10,BASE_LAYER_APPAREL_SET,Apparel,
11,BELTS,Apparel,
12,BLAZER,Apparel,
13,BLOUSE,Apparel,
14,BLUE_LIGHT_BLOCKING_EYEGLASSES,Apparel,
15,BODYSTOCKING,Apparel,
16,BOOT,Apparel,Footwear
17,BRA,Apparel,
18,BRA_UNDERWEAR_SET,Apparel,
19,BRACELET,Apparel,
20,BREAST_PETAL,Apparel,
21,BUCKLE,Apparel,
22,CHARM,Apparel,Jewelry
23,CHILDRENS_COSTUME,Apparel,Costumes
24,COAT,Apparel,
25,COORDINATED_OUTFIT,Apparel,
26,CORSET,Apparel,
27,COSTUME,Apparel,Costume
28,COSTUME_EYEWEAR,Apparel,Costume
29,COSTUME_FACIAL_HAIR,Apparel,Costume
30,COSTUME_HEADWEAR,Apparel,Costume
31,COSTUME_MASK,Apparel,Costume
32,COSTUME_OUTFIT,Apparel,Costume
33,CUFF_LINK,Apparel,Jewelry
34,DRESS,Apparel,
35,EARMUFF,Apparel,
36,EARRING,Apparel,Jewelry
37,ETHNIC_WEAR,Apparel,
38,FASHION_JEWELRY,Apparel,Jewelry
39,FASHIONEARRING,Apparel,Jewelry
40,FASHIONNECKLACEBRACELETANKLET,Apparel,Jewelry
41,FASHIONOTHER,Apparel,Jewelry
42,FASHIONRING,Apparel,Jewelry
43,FINEEARRING,Apparel,Jewelry
44,FINENECKLACEBRACELETANKLET,Apparel,Jewelry
45,FINEOTHER,Apparel,Jewelry
46,FINERING,Apparel,Jewelry
47,FOOTWEAR,Apparel,Footwear
48,FOOTWEAR_CARE_KIT,Apparel,Footwear
49,GLOVES,Apparel,
50,GUILD_APPAREL,Apparel,
51,GUILD_JEWELRY,Apparel,Jewelry
52,GUILD_SHOES,Apparel,
53,HAIRBAND,Apparel,
54,HANDBAG,Bags and Luggage,
55,HAT,Apparel,
56,HOSIERY,Apparel,
57,JEWELRY,Apparel,Jewelry
58,JEWELRY_FINDING,Apparel,Jewelry
59,KIMONO,Apparel,
60,LEG_SLEEVE,Apparel,
61,LEOTARD,Apparel,
62,LOOSE_CUT_GEM,Apparel,Jewelry
63,MOISTURIZING_SOCK_GLOVE,Apparel,
64,NECKLACE,Apparel,Jewelry
65,NECKTIE,Apparel,
66,NIGHTGOWN_NIGHTSHIRT,Apparel,
67,ONE_PIECE_OUTFIT,Apparel,
68,ORCA_SHIRT,Apparel,
69,OUTERWEAR,Apparel,
70,OVERALLS,Apparel,
71,PAJAMAS,Apparel,
72,PANTS,Apparel,
73,PIERCING_JEWELRY,Apparel,Jewelry
74,POTPOURRI_SACHET,Apparel,
75,RING,Apparel,Jewelry
76,ROBE,Apparel,
77,SALWAR_SUIT_SET,Apparel,
78,SANDAL,Apparel,Footwear
79,SAREE,Apparel,
80,SASH,Apparel,
81,SCARF,Apparel,
82,SHIRT,Apparel,
83,SHOE_ACCESSORY,Apparel,Footwear
84,SHOE_BAG,Apparel,Footwear
85,SHOE_INSERT,Apparel,Footwear
86,SHOE_POLISH,Apparel,Footwear
87,SHOELACE,Apparel,Footwear
88,SHOES,Apparel,Footwear
89,SHORTS,Apparel,
90,SKIRT,Apparel,
91,SLEEPWEAR,Apparel,
92,SLIPPER,Apparel,Footwear
93,SNOW_PANT,Apparel,
94,SOCKS,Apparel,Socks and Underwear
95,SOCKSHOSIERY,Apparel,
96,SUIT,Apparel,
97,SUNGLASSES,Apparel,
98,SUSPENDER,Apparel,
99,SWEATBAND,Apparel,
100,SWEATER,Apparel,
101,SWEATSHIRT,Apparel,
102,TIGHTS,Apparel,Socks and Underwear
103,TRACK_SUIT,Apparel,
104,TUNIC,Apparel,
105,UNDERGARMENT_SLIP,Apparel,Socks and Underwear
106,UNDERGARMENT_THIGH_SLIMMER,Apparel,Socks and Underwear
107,UNDERPANTS,Apparel,Socks and Underwear
108,UNDERWEAR,Apparel,Socks and Underwear
109,UNION_SUIT,Apparel,
110,VEST,Apparel,
111,WAIST_PACK,Apparel,
112,WASTE_BAG,Apparel,
113,WATCH,Apparel,Jewelry
114,WATCH_BAND,Apparel,Jewelry
115,WATCHES,Apparel,Jewelry
116,WIG,Apparel,
117,ZIPPER_FASTENER,Apparel,
118,ART,Arts and Crafts,
119,ART_AND_CRAFT_SUPPLY,Arts and Crafts,
120,ART_CRAFT_KIT,Arts and Crafts,
121,ART_EASEL,Arts and Crafts,
122,ART_MEDIA_PAPER,Arts and Crafts,
123,ART_SUPPLIES,Arts and Crafts,
124,BODY_PAINT,Arts and Crafts,
125,CRAFT_BEAD,Arts and Crafts,
126,CRAFT_EYE,Arts and Crafts,
127,CRAFT_HOOP_FRAME,Arts and Crafts,
128,CRAFT_MOLD,Arts and Crafts,
129,CRAFT_WOOD,Arts and Crafts,
130,CRAFT_WRAPPING_TISSUE_PAPER,Arts and Crafts,
131,CROCHET_HOOK,Arts and Crafts,
132,HAND_SEWING_NEEDLE,Arts and Crafts,
133,IRON_ON_TRANSFER_DESIGN,Arts and Crafts,
134,KNITTING_NEEDLE,Arts and Crafts,
135,PAINT,Arts and Crafts,
136,PAINT_BRUSH,Arts and Crafts,
137,REINFORCED_ART_SURFACE,Arts and Crafts,
138,SCULPTING_MATERIAL,Arts and Crafts,
139,SCULPTURE,Arts and Crafts,
140,SEWING_BUTTON,Arts and Crafts,
141,SEWING_MACHINE,Arts and Crafts,
142,SEWING_MACHINE_BOBBIN,Arts and Crafts,
143,SEWING_MACHINE_NEEDLE,Arts and Crafts,
144,SEWING_PATTERN,Arts and Crafts,
145,SEWING_TOOL_SET,Arts and Crafts,
146,TEMPLATE_STENCIL,Arts and Crafts,
147,TEMPORARY_TATTOO,Arts and Crafts,
148,YARN,Arts and Crafts,
149,AUTO_ACCESSORY,Auto,
150,AUTO_BATTERY,Auto,
151,AUTO_CHEMICAL,Auto,
152,AUTO_KEY_SHELL,Auto,
153,AUTO_OIL,Auto,
154,AUTO_PART,Auto,
155,AUTOMOTIVE_HELMET,Auto,
156,BEARINGS_AND_BUSHINGS,Auto,
157,BRAKE_KIT,Auto,
158,BRAKE_ROTOR,Auto,
159,CAR_ALARM,Auto,
160,CAR_AUDIO_OR_THEATER,Auto,
161,CAR_ELECTRONICS,Auto,
162,CAR_PARTS_AND_ACCESSORIES,Auto,
163,CARBURETOR,Auto,
164,CARGO_NET,Auto,
165,CARGO_STRAP,Auto,
166,CUP_HOLDER,Auto,
167,ENGINE_AIR_FILTER,Auto,
168,ENGINE_COMPONENT_CAP,Auto,
169,ENGINE_EXHAUST_PIPE,Auto,
170,ENGINE_WATER_PUMP,Auto,
171,FUEL_FILTER,Auto,
172,FUEL_INJECTOR,Auto,
173,FUEL_PUMP,Auto,
174,GASKETS,Auto,
175,GOLF_CART,Auto,
176,GPS_OR_NAVIGATION_ACCESSORY,Auto,
177,GPS_OR_NAVIGATION_SYSTEM,Auto,
178,GREASE_GUN,Auto,
179,HUBCAP_WHEEL_COVER,Auto,
180,IGNITION_COIL,Auto,
181,INDUSTRIAL_CASTERS,Auto,
182,INDUSTRIAL_HOSE,Auto,
183,INDUSTRIAL_WHEELS,Auto,
184,JUMP_STARTER,Auto,
185,KEYCHAIN,Auto,
186,LICENSE_PLATE_ATTACHMENT,Auto,
187,LIQUID_FUEL_CONTAINER,Auto,
188,MOTOR_ENGINE_FUEL_TANK,Auto,
189,MOTOR_STARTER,Auto,
190,MOTORCYCLE_ACCESSORY,Auto,
191,MOTORCYCLE_PART,Auto,
192,MUFFLER,Auto,
193,OIL_FILTER,Auto,
194,ONBOARD_CAMERA,Auto,
195,OUTBOARD_MOTOR,Auto,
196,SELF_BALANCING_ELECTRIC_VEHICLE,Auto,
197,SHOCK_ABSORBER,Auto,
198,SPARK_PLUG,Auto,
199,STEERING_WHEEL,Auto,
200,STEERING_WHEEL_COVER,Auto,
201,TIRE_COVER,Auto,
202,TIRE_VALVE_STEM_CAP,Auto,
203,TIRES,Auto,
204,TOW_HITCH,Auto,
205,TOW_HITCH_LOCK,Auto,
206,TOW_SPORTS_LINE,Auto,
207,TRAILER_HITCH_COVER,Auto,
208,TRANSPORT_RACK,Auto,
209,VEHICLE_ACCENT_LIGHT,Auto,
210,VEHICLE_BAG,Auto,
211,VEHICLE_BALL_JOINT,Auto,
212,VEHICLE_BODY_PANEL,Auto,
213,VEHICLE_BRAKE_CALIPER,Auto,
214,VEHICLE_BRAKE_PAD,Auto,
215,VEHICLE_BUMPER,Auto,
216,VEHICLE_CARGO_CARRIER,Auto,
217,VEHICLE_CONTROL_ARM,Auto,
218,VEHICLE_COVER,Auto,
219,VEHICLE_EMBLEM,Auto,
220,VEHICLE_EXTERIOR_GUARD,Auto,
221,VEHICLE_GRILLE,Auto,
222,VEHICLE_HEAT_SHIELD,Auto,
223,VEHICLE_HORN,Auto,
224,VEHICLE_INTERIOR_SHADE,Auto,
225,VEHICLE_LIFT_KIT,Auto,
226,VEHICLE_LIGHT_ASSEMBLY,Auto,
227,VEHICLE_LIGHT_BULB,Auto,
228,VEHICLE_LIGHTING_CONVERSION_KIT,Auto,
229,VEHICLE_MAT,Auto,
230,VEHICLE_MIRROR,Auto,
231,VEHICLE_MOLDING,Auto,
232,VEHICLE_RAIL,Auto,
233,VEHICLE_SAFETY_CAMERA,Auto,
234,VEHICLE_SCAN_TOOL,Auto,
235,VEHICLE_SEAT,Auto,
236,VEHICLE_SEAT_COVER,Auto,
237,VEHICLE_SPOILER,Auto,
238,VEHICLE_TIRE,Auto,
239,VEHICLE_WIND_DEFLECTOR,Auto,
240,VEHICLE_WINDOW,Auto,
241,VEHICLE_WRAP,Auto,
242,WEATHER_STRIPPING,Auto,
243,WHEEL,Auto,
244,WINDSHIELD_SNOW_COVER,Auto,
245,WIPER_BLADE,Auto,
246,ABIS_BABY_PRODUCT,Baby,
247,BABY_BATHTUB,Baby,
248,BABY_BOTTLE,Baby,
249,BABY_CARRIER,Baby,
250,BABY_COSTUME,Baby,
251,BABY_FOOD,Baby,
252,BABY_FORMULA,Baby,
253,BABY_JUMPER_WALKER,Baby,
254,BABY_PRODUCT,Baby,
255,BABY_RATTLE,Baby,
256,BABY_SEAT,Baby,
257,BASSINET,Baby,
258,BOTTLE,Baby,
259,BOTTLE_NIPPLE,Baby,
260,BOTTLE_OPENER,Baby,
261,BOTTLE_RACK,Baby,
262,BOTTLE_STOPPER,Baby,
263,BREAST_PUMP,Baby,
264,CHANGING_PAD,Baby,
265,CHANGING_PAD_COVER,Baby,
266,CHANGING_TABLE,Baby,
267,CRIB,Baby,
268,FOOD_BIB,Baby,
269,GUILD_BABY,Baby,
270,INFANT_TODDLER_CAR_SEAT,Baby,
271,PACIFIER,Baby,
272,STROLLER,Baby,
273,STROLLER_PROTECTION_SHIELD,Baby,
274,TEETHER,Baby,
275,TEMPORARY_GATE,Baby,
276,BACKPACK,Bags and Luggage,
277,BAG,Bags and Luggage,
278,CARRIER_BAG_CASE,Bags and Luggage,
279,CARRYING_CASE_OR_BAG,Bags and Luggage,
280,CE_CARRYING_CASE_OR_BAG,Bags and Luggage,
281,COIN_PURSE_POUCH,Bags and Luggage,
282,DUFFEL_BAG,Bags and Luggage,
283,LUGGAGE,Bags and Luggage,
284,SUITCASE,Bags and Luggage,
285,TOTE_BAG,Bags and Luggage,
286,TRAVEL_GARMENT_BAG,Bags and Luggage,
287,WALLET,Bags and Luggage,
288,HOT_TUB,Bath,
289,PLUG_STOPPER,Bath,
290,SAUNA,Bath,
291,SHOWER_CAP,Bath,
292,SHOWER_ENCLOSURE,Bath,
293,SHOWERHEAD,Bath,
294,TOILET,Bath,
295,TOILET_PAPER,Bath,
296,TOILET_PAPER_HOLDER,Bath,
297,TOILET_SEAT,Bath,
298,TOWEL,Bath,
299,TOWEL_HOLDER,Bath,
300,TOWEL_WARMER,Bath,
301,BATH_PILLOW,Bath,
302,BATH_SAFETY_SEATING,Bath,
303,BATH_TOY,Bath,
304,BATHING_SPONGE,Bath,
305,BATHROOM_CONTAINER_SET,Bath,
306,BATHTUB,Bath,
307,BATHTUB_SHOWER_MAT,Bath,
308,BATHTUB_SHOWER_TRIM_KIT,Bath,
309,BATHWATER_ADDITIVE,Bath,
310,ANTI_SLIP_BATHTUB_SHOWER_MAT,Bath,
311,AIR_MATTRESS,Bed,
312,BED,Bed,
313,BED_CURTAIN,Bed,
314,BED_FRAME,Bed,
315,BED_LINEN,Bed,
316,BED_LINEN_SET,Bed,
317,BED_RAIL,Bed,
318,BED_SKIRT,Bed,
319,BED_SLATS,Bed,
320,BEDDING_SET,Bed,
321,BLANKET,Bed,
322,BOX_SPRING,Bed,
323,DRESSER,Bed,
324,FITTED_SHEET,Bed,
325,FLAT_SHEET,Bed,
326,GARMENT_PROTECTOR_COVER,Bed,
327,GARMENT_STEAMER,Bed,
328,HEADBOARD,Bed,
329,IRONING_BOARD,Bed,
330,JEWELRY_SET,Bed,
331,JEWELRY_STORAGE,Bed,
332,MATTRESS,Bed,
333,MATTRESS_COVER,Bed,
334,PILLOW,Bed,
335,PILLOW_PROTECTOR,Bed,
336,PILLOWCASE,Bed,
337,ABIS_BOOK,Books,
338,BLANK_BOOK,Books,
339,BOOK,Books,
340,BOOK_COVER,Books,Accesory
341,BOOK_DOCUMENT_STAND,Books,Accesory
342,BOOKEND,Books,Accesory
343,BOOKMARK,Books,Accesory
344,BOOKS_1973_AND_LATER,Books,
345,BOOKSHELF_OR_MICRO_STEREO_SYS,Books,Accesory
346,Hardcover,Books,
347,MAGAZINES,Books,
348,Paperback,Books,
349,BLEACH,Cleaning,
350,BROOM,Cleaning,
351,BUCKET,Cleaning,
352,CADDY,Cleaning,
353,CARPET_UPHOLSTERY_CLEANING_MACHINE,Cleaning,
354,CLEANING_AGENT,Cleaning,
355,CLEANING_BRUSH,Cleaning,
356,CLEANING_PRODUCT,Cleaning,
357,CLEANING_WIPE_DISPENSER,Cleaning,
358,DUST_REMOVAL_TOOL,Cleaning,
359,FABRIC_SOFTENER,Cleaning,
360,JANITORIAL_SUPPLY,Cleaning,
361,LAUNDRY_DETERGENT,Cleaning,
362,MOP,Cleaning,
363,MOP_BUCKET_SET,Cleaning,
364,PRESSURE_WASHER,Cleaning,
365,ROBOTIC_VACUUM_CLEANER,Cleaning,
366,SPRAY_BOTTLE,Cleaning,
367,SQUEEGEE,Cleaning,
368,STEAM_CLEANER,Cleaning,
369,SURFACE_CLEANING_WIPE,Cleaning,
370,SURFACE_PROTECTION_WAX,Cleaning,
371,TEXTILE_DEODORIZER,Cleaning,
372,TEXTILE_IRON,Cleaning,
373,TRASH_CAN,Cleaning,
374,TRASH_COMPACTOR,Cleaning,
375,UTILITY_SPONGE,Cleaning,
376,VACUUM_CLEANER,Cleaning,
377,VACUUM_CLEANER_BAG,Cleaning,
378,VACUUM_FILTER,Cleaning,
379,VACUUM_SEALER_MACHINE,Cleaning,
380,ADVENT_CALENDAR,Decor,
381,ARTIFICIAL_PLANT,Decor,
382,ARTIFICIAL_SNOW,Decor,
383,ARTIFICIAL_TREE,Decor,
384,BLOWER_INFLATED_DECORATION,Decor,
385,CONFETTI,Decor,
386,DECORATIVE_CUTOUT,Decor,
387,DECORATIVE_MAGNET,Decor,
388,DECORATIVE_PILLOW_COVER,Decor,
389,DECORATIVE_POM_POM,Decor,
390,DECORATIVE_RIBBON_TRIM,Decor,
391,DECORATIVE_SIGNAGE,Decor,
392,ENTERTAINMENT_MEMORABILIA,Decor,
393,GARLAND,Decor,
394,GIFT_WRAP,Decor,
395,GIFTS_AND_OCCASIONS,Decor,
396,GLITTER,Decor,
397,GLOBE,Decor,
398,GREETING_CARD,Decor,
399,HANGING_MOBILE,Decor,
400,HANGING_ORNAMENT,Decor,
401,HISTORICAL_COLLECTIBLES,Decor,
402,PARTY_DECORATION_PACK,Decor,
403,PARTY_FAVOR,Decor,
404,PARTY_SUPPLIES,Decor,
405,PICTURE_FRAME,Decor,
406,PICTURE_HANGER,Decor,
407,PINATA,Decor,
408,PINBOARD,Decor,
409,SNOW_GLOBE,Decor,
410,SPORTS_MEMORABILIA,Decor,
411,STICKER_DECAL,Decor,
412,STRING_LIGHT,Decor,
413,TREE_SKIRT,Decor,
414,TREE_TOPPER,Decor,
415,VASE,Decor,
416,WALL_ART,Decor,
417,WALL_PLATE,Decor,
418,WALLPAPER,Decor,
419,WINDOW_FILM,Decor,
420,WREATH,Decor,
421,3D_PRINTER,Electronics,
422,3D_PRINTING_PEN,Electronics,
423,ABIS_ELECTRONICS,Electronics,
424,ABIS_PC,Electronics,
425,ABIS_WIRELESS,Electronics,Cell Phones
426,AMAZON_BOOK_READER,Electronics,Personal Devices
427,AMAZON_BOOK_READER_ACCESSORY,Electronics,Personal Devices
428,AMAZON_DEVICE,Electronics,Personal Devices
429,AMAZON_TABLET,Electronics,Personal Devices
430,AMAZON_TABLET_ACCESSORY,Electronics,Personal Devices
431,ANTENNA,Electronics,
432,AV_RECEIVER,Electronics,
433,AV_SIGNAL_SWITCH,Electronics,
434,BATTERY,Electronics,
435,BATTERY_CHARGER,Electronics,
436,BATTERY_CHARGER_OR_TESTER,Electronics,
437,Blu-ray,Electronics,
438,CABLE_OR_ADAPTER,Electronics,
439,CAMCORDER,Electronics,Personal Devices
440,CAMERA,Electronics,Camera
441,CAMERA_BAGS_AND_CASES,Electronics,Camera
442,CAMERA_CLEANER,Electronics,Camera
443,CAMERA_CONTINUOUS_LIGHT,Electronics,Camera
444,CAMERA_DIGITAL,Electronics,Camera
445,CAMERA_ENCLOSURE,Electronics,Camera
446,CAMERA_FILM,Electronics,Camera
447,CAMERA_FLASH,Electronics,Camera
448,CAMERA_LENS_ACCESSORY,Electronics,Camera
449,CAMERA_LENS_FILTERS,Electronics,Camera
450,CAMERA_LENSES,Electronics,Camera
451,CAMERA_OTHER_ACCESSORIES,Electronics,Camera
452,CAMERA_POWER_SUPPLY,Electronics,Camera
453,CAMERA_PRIVACY_COVER,Electronics,Camera
454,CAMERA_STAGE_LIGHTING_FILTER_DIFFUSER,Electronics,Camera
455,CAMERA_STAGE_LIGHTING_MODIFIER,Electronics,Camera
456,CAMERA_SUPPORT,Electronics,Camera
457,CAMERA_TRIPOD,Electronics,Camera
458,CE_ACCESSORY,Electronics,
459,CELL_PHONE_GRIP,Electronics,Cell Phones
460,CELL_PHONE_HOLSTER,Electronics,Cell Phones
461,CELLULAR_PHONE,Electronics,Cell Phones
462,CELLULAR_PHONE_CASE,Electronics,Cell Phones
463,CHARGING_ADAPTER,Electronics,
464,CIRCUIT_BREAKER,Electronics,
465,COMMUNICATIONS_INTEGRATED_CIRCUIT,Electronics,
466,COMPUTER,Electronics,Computers
467,COMPUTER_ADD_ON,Electronics,Computers
468,COMPUTER_CHASSIS,Electronics,Computers
469,COMPUTER_COMPONENT,Electronics,Computers
470,COMPUTER_COOLING_DEVICE,Electronics,Computers
471,COMPUTER_DRIVE_OR_STORAGE,Electronics,Computers
472,COMPUTER_INPUT_DEVICE,Electronics,Computers
473,COMPUTER_INPUT_DEVICE_ACCESSORY,Electronics,Computers
474,COMPUTER_PROCESSOR,Electronics,Computers
475,COMPUTER_SPEAKER,Electronics,Computers
476,COMPUTER_VIDEO_GAME_CONTOLLER,Electronics,Computers
477,CONSOLE_VIDEO_GAMES,Electronics,
478,CONSUMER_ELECTRONICS,Electronics,Personal Devices
479,CONTROLLER,Electronics,
480,CORD_MANAGEMENT_COVER,Electronics,
481,DIGITAL_DEVICE_11_ACCESSORY,Electronics,
482,DIGITAL_DEVICE_12_ACCESSORY,Electronics,
483,DIGITAL_DEVICE_19_ACCESSORY,Electronics,
484,DIGITAL_DEVICE_21_ACCESSORY,Electronics,
485,DIGITAL_DEVICE_3,Electronics,
486,DIGITAL_DEVICE_3_ACCESSORY,Electronics,
487,DIGITAL_DEVICE_4,Electronics,
488,DIGITAL_DEVICE_4_ACCESSORY,Electronics,
489,DIGITAL_DEVICE_5_ACCESSORY,Electronics,
490,DIGITAL_DEVICE_7,Electronics,
491,DIGITAL_DEVICE_ACCESSORY,Electronics,
492,DIGITAL_PICTURE_FRAME,Electronics,
493,DIGITAL_VIDEO_RECORDER,Electronics,
494,DVD_PLAYER_OR_RECORDER,Electronics,
495,ELECTRIC_CIRCUIT_TESTING_DEVICE,Electronics,
496,ELECTRIC_FAN,Electronics,
497,ELECTRIC_FOOD_MILL_GRINDER,Electronics,
498,ELECTRIC_HEATING_PAD,Electronics,
499,ELECTRIC_LANTERN,Electronics,
500,ELECTRIC_LIGHT,Electronics,
501,ELECTRIC_MOTOR,Electronics,
502,ELECTRIC_SHAVER,Electronics,
503,ELECTRIC_STIRRER,Electronics,
504,ELECTRIC_WATER_BOILER,Electronics,
505,ELECTRICAL_DISTRIBUTION_BOARD,Electronics,
506,ELECTRICAL_HOUSING,Electronics,
507,ELECTRICAL_OUTLET,Electronics,
508,ELECTRICAL_PLUG,Electronics,
509,ELECTRICITY_GENERATOR,Electronics,
510,ELECTROMECHANICAL_GAUGE,Electronics,
511,ELECTRONIC_ADAPTER,Electronics,
512,ELECTRONIC_BOOK_READER,Electronics,Personal Devices
513,ELECTRONIC_CABLE,Electronics,
514,ELECTRONIC_CIGARETTE,Electronics,
515,ELECTRONIC_CIGARETTE_LIQUID,Electronics,
516,ELECTRONIC_COMPONENT,Electronics,
517,ELECTRONIC_COMPONENT_AMPLIFIER,Electronics,
518,ELECTRONIC_COMPONENT_FAN,Electronics,
519,ELECTRONIC_COMPONENT_LAMP_HOLDER,Electronics,
520,ELECTRONIC_COMPONENT_TERMINAL,Electronics,
521,ELECTRONIC_CONTROLLER,Electronics,
522,ELECTRONIC_DEVICE_COOLING_PAD,Electronics,
523,ELECTRONIC_DEVICE_DOCKING_STATION,Electronics,
524,ELECTRONIC_DEVICE_FACEPLATE,Electronics,
525,ELECTRONIC_DEVICE_SKIN,Electronics,
526,ELECTRONIC_FINDER,Electronics,
527,ELECTRONIC_GIFT_CARD,Gift Card,
528,ELECTRONIC_GIFT_XXRD,Gift Card,
529,ELECTRONIC_KNOB,Electronics,
530,ELECTRONIC_LEARNING_TOY,Electronics,Personal Devices
531,ELECTRONIC_SENSOR,Electronics,
532,ELECTRONIC_SIGNAL_CONVERTER,Electronics,
533,ELECTRONIC_SWITCH,Electronics,
534,ELECTRONIC_WIRE,Electronics,
535,Electronics,Electronics,
536,FLASH_DRIVE,Electronics,
537,FLASH_MEMORY,Electronics,Computer Accessory
538,FLAT_SCREEN_DISPLAY_MOUNT,Electronics,
539,FUSE,Electronics,
540,GRAPHIC_TABLET,Electronics,Personal Devices
541,HARD_DRIVE_ENCLOSURE,Electronics,
542,HARDWARE,Electronics,
543,HEADPHONE_EARPAD,Electronics,
544,HEADPHONES,Electronics,Music
545,HVAC_CONTROL_THERMOSTAT,Electronics,
546,INPUT_MOUSE,Electronics,
547,INPUT_OUTPUT_CARD,Electronics,
548,INPUT_PEN,Electronics,
549,INTEGRATED_STEREO_SYSTEM,Electronics,
550,INTERNAL_MEMORY,Electronics,
551,KEYBOARD_MOUSE_SET,Electronics,
552,KEYBOARD_TRAY,Electronics,
553,KEYBOARDS,Electronics,
554,KEYCAP,Electronics,
555,LANDLINE_PHONE,Electronics,
556,LASER_PRINTER_TONER,Electronics,
557,LCD_GRAPHIC_DISPLAY,Electronics,
558,MEMORY_CARD_READER,Electronics,
559,MEMORY_READER,Electronics,
560,MODEM,Electronics,
561,MONITOR,Electronics,
562,MOTHERBOARD,Electronics,
563,MOTION_DETECTOR_DEVICE,Electronics,
564,MP3_PLAYER,Electronics,Personal Devices
565,MULTIFUNCTION_DEVICE,Electronics,Personal Devices
566,MULTIPORT_HUB,Electronics,
567,NETWORK_ACCESSORY,Electronics,
568,NETWORK_INTERFACE_CONTROLLER_ADAPTER,Electronics,
569,NETWORK_SWITCH,Electronics,
570,NETWORKING_DEVICE,Electronics,
571,NETWORKING_ROUTER,Electronics,
572,NOTEBOOK_COMPUTER,Electronics,
573,OPTICAL_DISC_DRIVE,Electronics,
574,OPTOELECTRONIC_COMPONENT,Electronics,
575,PA_SYSTEM,Electronics,
576,PC_BOARD_RELAY,Electronics,
577,Personal Computers,Electronics,Computers
578,PERSONAL_COMPUTER,Electronics,Computers
579,PHONE,Electronics,Cell Phones
580,PHONE_ACCESSORY,Electronics,Cell Phones
581,PORTABLE_AUDIO,Electronics,
582,PORTABLE_AV_DEVICE,Electronics,Personal Devices
583,PORTABLE_ELECTRONIC_DEVICE_ARMBAND,Electronics,Personal Devices
584,PORTABLE_ELECTRONIC_DEVICE_COVER,Electronics,Personal Devices
585,PORTABLE_ELECTRONIC_DEVICE_MOUNT,Electronics,Personal Devices
586,PORTABLE_ELECTRONIC_DEVICE_STAND,Electronics,Personal Devices
587,PORTABLE_ELECTRONICS,Electronics,Personal Devices
588,PORTABLE_VIDEO_DISC_PLAYER,Electronics,Personal Devices
589,POWER_BANK,Electronics,
590,POWER_CONVERTER,Electronics,
591,POWER_CORD,Electronics,
592,POWER_INVERTER,Electronics,
593,POWER_RACK,Electronics,
594,POWER_STRIP,Electronics,
595,POWER_SUPPLIES_OR_PROTECTION,Electronics,
596,POWER_SUPPLY,Electronics,
597,POWER_TRANSFORMER,Electronics,
598,PROJECTION_SCREEN,Electronics,
599,RADIO,Electronics,Personal Devices
600,RAM_MEMORY,Electronics,
601,RECEIVER_OR_AMPLIFIER,Electronics,
602,RELAY,Electronics,
603,REMOTE_CONTROL,Electronics,
604,RESISTOR,Electronics,
605,SATELLITE_OR_DSS,Electronics,
606,SATELLITE_RECEIVER,Electronics,
607,SCANNER,Electronics,
608,SCREEN_PROTECTOR,Electronics,
609,SECURITY_CAMERA,Electronics,
610,SECURITY_ELECTRONICS,Electronics,
611,SECURITY_SYSTEM,Electronics,
612,SIM_CARD,Electronics,
613,SINGLE_BOARD_COMPUTER,Electronics,
614,SOLAR_PANEL,Electronics,
615,SOUND_AND_RECORDING_EQUIPMENT,Electronics,
616,SOUND_CARD,Electronics,
617,SPEAKER_AMPLIFIER_STAND,Electronics,
618,SPEAKERS,Electronics,
619,STANDALONE_STREAMING_MEDIA_PLAYER,Electronics,
620,SYSTEM_POWER_DEVICE,Electronics,
621,TABLET_COMPUTER,Electronics,
622,TELEVISION,Electronics,
623,TEMPERATURE_CONTROLLER,Electronics,
624,TERMINAL_BLOCK,Electronics,
625,TOGGLE_SWITCH,Electronics,
626,TRANSFORMER,Electronics,
627,TRANSISTOR,Electronics,
628,TURNTABLE,Electronics,
629,TWO_WAY_RADIO,Electronics,
630,UNINTERRUPTIBLE_POWER_SUPPLY,Electronics,
631,UNMANNED_AERIAL_VEHICLE,Electronics,
632,VDO_DEVICES,Electronics,
633,VIDEO_CARD,Electronics,
634,VIDEO_DEVICE,Electronics,
635,VIDEO_DISC_PLAYER,Electronics,
636,VIDEO_PROJECTOR,Electronics,
637,VIDEO_PROJECTOR_PART,Electronics,
638,VIRTUAL_REALITY_HEADSET,Electronics,
639,VOICE_RECORDER,Electronics,
640,WEARABLE_COMPUTER,Electronics,
641,WEBCAM,Electronics,
642,WEIGH_SCALE,Electronics,
643,Wireless Phone Accessory,Electronics,Cell Phones
644,WIRELESS_ACCESSORY,Electronics,Cell Phones
645,WIRELESS_AUDIO_ADAPTER,Electronics,Cell Phones
646,WIRELESS_DEVICE,Electronics,Cell Phones
647,WIRELESS_LOCKED_PHONE,Electronics,Cell Phones
648,WIRELESS_SERVICE_PLAN,Electronics,Cell Phones
649,WIRELESS_SIGNAL_REPEATER,Electronics,Cell Phones
650,BOARD_GAME,Toys and Games,
651,GAME_CALL,Toys and Games,
652,GAME_DICE,Toys and Games,
653,GAMES,Toys and Games,
654,GAMING_EQUIPMENT_ENCLOSURE,Toys and Games,
655,AGILITY_LADDER,Exercise,
656,BALANCE_BOARD,Exercise,
657,BARBELL,Exercise,
658,BASKETBALL_HOOP,Toys and Games,Sports
659,BICYCLE,Exercise,Cycling
660,BICYCLE_BASKET,Exercise,Cycling
661,BICYCLE_BELL,Exercise,Cycling
662,BICYCLE_BRAKE_PAD,Exercise,Cycling
663,BICYCLE_CARGO_RACK,Exercise,Cycling
664,BICYCLE_DERAILLEUR,Exercise,Cycling
665,BICYCLE_LIGHT,Exercise,Cycling
666,BICYCLE_PEDAL,Exercise,Cycling
667,BICYCLE_SEAT,Exercise,Cycling
668,BICYCLE_SEATPOST,Exercise,Cycling
669,BICYCLE_TRAILER,Exercise,Cycling
670,BICYCLE_TRAINER,Exercise,Cycling
671,BOXING_GLOVE,Toys and Games,Sports
672,CALISTHENICS_STAND,Exercise,
673,CLIMBING_HOLD,Exercise,
674,CYCLING_COMPUTER,Exercise,Cycling
675,CYCLING_EQUIPMENT,Exercise,Cycling
676,CYCLING_TIRE,Exercise,Cycling
677,CYCLING_TIRE_TUBE,Exercise,Cycling
678,CYCLING_WHEEL,Exercise,Cycling
679,DUMBBELL,Exercise,
680,ELLIPTICAL_TRAINER,Exercise,
681,EXERCISE_BAND,Exercise,
682,EXERCISE_BLOCK,Exercise,
683,EXERCISE_MACHINE,Exercise,
684,EXERCISE_MAT,Exercise,
685,EXERCISE_STEP_PLATFORM,Exercise,
686,EXERCISE_STRAP,Exercise,
687,FITNESS_BENCH,Exercise,
688,FITNESS_EQUIPMENT,Exercise,
689,FITNESS_HOOP,Exercise,
690,FITNESS_STEPPER,Exercise,
691,GOLF_CLUB,Toys and Games,Sports
692,GOLF_CLUB_BAG,Toys and Games,Sports
693,GOLF_CLUB_COVER,Toys and Games,Sports
694,GOLF_PRACTICE_MAT,Toys and Games,Sports
695,HAND_STRENGTHENER,Exercise,
696,HANDLEBAR,Exercise,
697,HANDLEBAR_GRIP,Exercise,
698,JUMP_ROPE,Exercise,
699,KETTLEBELL,Exercise,
700,MUSCLE_ROLLER,Exercise,
701,PULL_UP_BAR,Exercise,
702,PUNCHING_BAG,Exercise,
703,ROWING_MACHINE,Exercise,
704,STATIONARY_BICYCLE,Exercise,
705,STRENGTH_TRAINING_MACHINE,Exercise,
706,TREADMILL,Exercise,
707,WAIST_CINCHER,Exercise,
708,WEARABLE_WEIGHT,Exercise,
709,WEIGHT_PLATE,Exercise,
710,WEIGHT_RACK,Exercise,
711,WEIGHTLIFTING_BELT,Exercise,
712,BAKING_CHOCOLATE,Food and Drink,
713,BAKING_MIX,Food and Drink,
714,ALCOHOLIC_BEVERAGE,Food and Drink,
715,BEER,Food and Drink,
716,BEVERAGE,Food and Drink,
717,BEVERAGE_INSULATOR,Food and Drink,Accesory
718,BREAD,Food and Drink,
719,BREAKFAST_CEREAL,Food and Drink,
720,BULLION,Food and Drink,
721,CAKE,Food and Drink,
722,CANDY,Food and Drink,
723,CASSEROLES,Food and Drink,
724,CEREAL,Food and Drink,
725,CHEWING_GUM,Food and Drink,
726,CHOCOLATE_CANDY,Food and Drink,
727,COCKTAIL_MIX,Food and Drink,
728,COFFEE,Food and Drink,
729,CONCENTRATED_FLAVORING_SUBSTANCE,Food and Drink,
730,CONDIMENT,Food and Drink,
731,COOKIE,Food and Drink,
732,CRACKER,Food and Drink,
733,CULINARY_MUSHROOM,Food and Drink,
734,CULINARY_SALT,Food and Drink,
735,DAIRY_BASED_BUTTER,Food and Drink,
736,DAIRY_BASED_CHEESE,Food and Drink,
737,DAIRY_BASED_CREAM,Food and Drink,
738,DAIRY_BASED_DRINK,Food and Drink,
739,DAIRY_BASED_ICE_CREAM,Food and Drink,
740,DAIRY_BASED_PUDDING,Food and Drink,
741,DAIRY_BASED_YOGURT,Food and Drink,
742,DONUT,Food and Drink,
743,DRINK_FLAVORED,Food and Drink,
744,EDIBLE_OIL_ANIMAL,Food and Drink,
745,EDIBLE_OIL_VEGETABLE,Food and Drink,
746,EGG,Food and Drink,
747,EXTRACT,Food and Drink,
748,FISH,Food and Drink,
749,FLAVORED_DRINK_CONCENTRATE,Food and Drink,
750,FLOUR,Food and Drink,
751,FOOD,Food and Drink,
752,FOOD_COLORING,Food and Drink,
753,FOOD_GLITTER_SPRINKLE,Food and Drink,
754,FRUIT,Food and Drink,
755,FRUIT_SNACK,Food and Drink,
756,FUDGE,Food and Drink,
757,GOURMET_FOOD,Food and Drink,
758,GROCERY,Food and Drink,
759,Grocery,Food and Drink,
760,HEALTH_FOOD,Food and Drink,
761,HERB,Food and Drink,
762,HONEY,Food and Drink,
763,HYDRATION_PACK,Food and Drink,
764,JERKY,Food and Drink,
765,JUICE_AND_JUICE_DRINK,Food and Drink,
766,LEAVENING_AGENT,Food and Drink,
767,LEGUME,Food and Drink,
768,MEAL_REPLACEMENT_BEVERAGE,Food and Drink,
769,MILK_SUBSTITUTE,Food and Drink,
770,NON_DAIRY_CHEESE,Food and Drink,
771,NON_DAIRY_CREAM,Food and Drink,
772,NON_DAIRY_ICE_CREAM,Food and Drink,
773,NON_DAIRY_PUDDING,Food and Drink,
774,NON_DAIRY_YOGURT,Food and Drink,
775,NOODLE,Food and Drink,
776,NUT_AND_SEED,Food and Drink,
777,NUT_BUTTER,Food and Drink,
778,NUTS,Food and Drink,
779,OLIVE,Food and Drink,
780,PACKAGED_SOUP_AND_STEW,Food and Drink,
781,PASTRY,Food and Drink,
782,PICKLE,Food and Drink,
783,PIE,Food and Drink,
784,PIZZA,Food and Drink,
785,POPCORN,Food and Drink,
786,POULTRY,Food and Drink,
787,PREPARED_AND_PRESERVED_FOOD,Food and Drink,
788,PREPARED_DOUGH,Food and Drink,
789,PRETZEL,Food and Drink,
790,PROTEIN_DRINK,Food and Drink,
791,PROTEIN_SUPPLEMENT_POWDER,Food and Drink,
792,PUFFED_SNACK,Food and Drink,
793,RELISH,Food and Drink,
794,RICE_MIX,Food and Drink,
795,RICE_WINE,Food and Drink,
796,SALAD_DRESSING,Food and Drink,
797,SAUCE,Food and Drink,
798,SEAFOOD,Food and Drink,
799,SEASONING,Food and Drink,
800,SHELLFISH,Food and Drink,
801,SNACK_CHIP_AND_CRISP,Food and Drink,
802,SNACK_FOOD,Food and Drink,
803,SNACK_FOOD_BAR,Food and Drink,
804,SNACK_MIX,Food and Drink,
805,SPIRITS,Food and Drink,
806,SPORTS_DRINK,Food and Drink,
807,SUGAR,Food and Drink,
808,SUGAR_CANDY,Food and Drink,
809,SUGAR_SUBSTITUTE,Food and Drink,
810,SYRUP,Food and Drink,
811,TEA,Food and Drink,
812,TEMPEH,Food and Drink,
813,TOFU,Food and Drink,
814,VEGETABLE,Food and Drink,
815,VEGETARIAN_EGG_SUBSTITUTE,Food and Drink,
816,VINEGAR,Food and Drink,
817,WATER,Food and Drink,
818,WINE,Food and Drink,
819,AV_FURNITURE,Furniture,
820,BEAN_BAG_CHAIR,Furniture,
821,BENCH,Furniture,
822,CHAIR,Furniture,
823,CHAIR_MAT,Furniture,
824,CURTAIN,Furniture,
825,CURTAIN_FASTENER,Furniture,
826,CURTAIN_SWAG_HOLDER,Furniture,
827,FOOTREST,Furniture,
828,FURNITURE,Furniture,
829,FURNITURE_CART,Furniture,
830,FURNITURE_COVER,Furniture,
831,FURNITURE_EDGE_BUMPER,Furniture,
832,FURNITURE_FLOOR_PROTECTOR,Furniture,
833,FURNITURE_LEG,Furniture,
834,FURNITURE_LINER,Furniture,
835,FURNITURE_SLIDER,Furniture,
836,OTTOMAN,Furniture,
837,RUG,Furniture,
838,RUG_PAD,Furniture,
839,SOFA,Furniture,
840,STOOL_SEATING,Furniture,
841,SYSTEM_CABINET,Furniture,
842,TABLE,Furniture,
843,TABLE_RUNNER,Furniture,
844,TABLECLOTH,Furniture,
845,ABIS_GIFT_CARD,Gift Card,
846,CONSUMABLES_EMAIL_GIFT_CARD,Gift Card,
847,Ecard Gift Certificate,Gift Card,
848,GIFT_CARD,Gift Card,
849,GIFT_XXRD,Gift Card,
850,NONACTIVATED_GIFT_CARD,Gift Card,
851,PHYSICAL_GIFT_CARD,Gift Card,
852,ABIS_DRUGSTORE,Health,
853,BLOOD_LANCET,Health,
854,BLOOD_OXYGEN_MONITOR,Health,
855,BLOOD_PRESSURE_MONITOR,Health,
856,BODY_POSITIONER,Health,
857,BODY_STRAP,Health,
858,CORRECTIVE_EYEGLASSES,Health,
859,DAILY_LIVING_AIDS,Health,
860,DIETARY_SUPPLEMENTS,Health,
861,FIRST_AID_KIT,Health,
862,FOOT_SCRAPER,Health,
863,GLUCOSE_METER,Health,
864,HEARING_AMPLIFIER,Health,
865,HERBAL_SUPPLEMENT,Health,
866,INCONTINENCE_PROTECTOR,Health,
867,MASSAGER,Health,
868,MEDICAL_COMPRESSION_GARMENT,Health,
869,MEDICAL_DEVICE,Health,
870,MEDICAL_SCRUB_SET,Health,
871,MEDICAL_SUPPLIES,Health,
872,MEDICAL_TEST_STRIP,Health,
873,MEDICATION,Health,
874,MENSTRUAL_CUP,Health,
875,MINERAL_SUPPLEMENT,Health,
876,NUTRITIONAL_SUPPLEMENT,Health,
877,ORTHOPEDIC_BRACE,Health,
878,OTC_MEDICATION,Health,
879,PERSONAL_PILL_DISPENSER,Health,
880,PILL_CUTTER,Health,
881,POTABLE_WATER_FILTER,Health,
882,PROFESSIONAL_HEALTHCARE,Health,
883,RESPIRATOR,Health,
884,REUSABLE_INCONTINENCE_SURFACE_PROTECTOR,Health,
885,SHARPS_DISPOSAL_CONTAINER,Health,
886,SYRINGE,Health,
887,VITAMIN,Health,
888,WALKER,Health,
889,WHEELCHAIR,Health,
890,WOUND_DRESSING,Health,
891,ABIS_HOME,Home,
892,ABIS_HOME_IMPROVEMENT,Home,
893,AIR_CONDITIONER,Home,
894,AIR_COOLER,Home,
895,AIR_PURIFIER,Home,
896,ANTI_FATIGUE_FLOOR_MAT,Home,
897,BASKET,Home,
898,CABINET,Home,
899,CANDLE,Home,
900,CANDLE_HOLDER,Home,
901,CARPETING,Home,
902,CISTERN,Home,
903,CLOCK,Home,
904,CONTAINER_LID,Home,
905,DEHUMIDIFIER,Home,
906,DOOR,Home,
907,DOOR_CLOSER,Home,
908,DOORSTOP,Home,
909,DOUBLE_BOILERS,Home,
910,DRAIN_OPENER_SUBSTANCE,Home,
911,DRAIN_STRAINER,Home,
912,DRAWER_SLIDE,Home,
913,DRYER,Home,
914,DRYING_RACK,Home,
915,FACIAL_TISSUE_HOLDER,Home,
916,FAUCET,Home,
917,FAUCET_WATER_AERATOR,Home,
918,FIRE_GRATE,Home,
919,FIRE_PIT,Home,
920,FIRE_SCREEN,Home,
921,FIREPLACE,Home,
922,FLOOR_COVER,Home,
923,FREEZER,Home,
924,GAS_SMOKE_FIRE_ALARM,Home,
925,GUILD_HOME,Home,
926,HANDRAIL,Home,
927,HOME,Home,
928,HOME_BED_AND_BATH,Home,
929,HOME_ENTERTAINMENT_SERVICES,Home,
930,HOME_FURNITURE_AND_DECOR,Home,
931,HOME_LIGHTING_ACCESSORY,Home,
932,HOME_LIGHTING_AND_LAMPS,Home,
933,HOME_MIRROR,Home,
934,HOME_ORGANIZERS_AND_STORAGE,Home,
935,HOME_PARTS,Home,
936,HOME_THEATER_SYSTEM_OR_HTIB,Home,
937,HOT_MELT,Home,
938,HUMIDIFIER,Home,
939,HUMIDITY_METER,Home,
940,HUMIDOR,Home,
941,HVAC_AIR_FILTER,Home,
942,INCENSE,Home,
943,INCENSE_HOLDER,Home,
944,INSULATION,Home,
945,LAMP,Home,
946,LAMPSHADE,Home,
947,LAUNDRY_APPLIANCE,Home,
948,LAUNDRY_HAMPER,Home,
949,LIGHT_BULB,Home,
950,LIGHT_BULB_SOCKET,Home,
951,LIGHT_EMITTING_DIODE,Home,
952,LIGHT_FIXTURE,Home,
953,LIGHT_SOURCE,Home,
954,LINT_REMOVER,Home,
955,LOCK,Home,
956,MAILBOX,Home,
957,MAJOR_HOME_APPLIANCES,Home,Appliances
958,NOISE_MACHINE,Home,
959,OUTDOOR_LIVING,Home,
960,PEST_CONTROL_DEVICE,Home,
961,PESTICIDE,Home,
962,ROOM_DIVIDER,Home,
963,SAFE,Home,
964,SHELF,Home,
965,SHOE_TREE,Home,
966,SINK,Home,
967,SMALL_HOME_APPLIANCES,Home,
968,SOAP_DISH,Home,
969,SPACE_HEATER,Home,
970,STORAGE_BAG,Home,
971,STORAGE_BOX,Home,
972,STORAGE_COVER,Home,
973,STORAGE_DRAWER,Home,
974,STORAGE_HOOK,Home,
975,STORAGE_RACK,Home,
976,SURVEILANCE_SYSTEMS,Home,
977,SURVEILLANCE_RECORDER_SYSTEM,Home,
978,TILE,Home,
979,WASHER,Home,
980,WASHER_DRYER_COMBINATION,Home,
981,WATER_HEATER,Home,
982,WATER_PUMP,Home,
983,WATER_PURIFICATION_UNIT,Home,
984,WINDOW_INSULATION_KIT,Home,
985,WINDOW_SHADE,Home,
986,APPLIANCE_ACCESSORY,Home,
987,AREA_DEODORIZER,Home,
988,AROMA_DIFFUSER,Home,
989,ABIS_KITCHEN,Kitchen,
990,AIR_FRYER,Kitchen,
991,APRON,Kitchen,Kitchen Apparel
992,BAKEWARE,Kitchen,
993,BAKEWARE_SET,Kitchen,
994,BAKING_CUP,Kitchen,
995,BAKING_MAT,Kitchen,
996,BAKING_PAN,Kitchen,
997,BAKING_PAPER,Kitchen,
998,BAKING_STONE,Kitchen,
999,BARBECUE_GRILL,Kitchen,
1000,BARBECUE_TOOL_SET,Kitchen,
1001,BEVERAGE_DISPENSING_APPLIANCE,Kitchen,Appliance
1002,BLADED_FOOD_PEELER,Kitchen,
1003,BREAD_MAKING_MACHINE,Kitchen,
1004,BUTTER_DISH,Kitchen,
1005,CAKE_TOPPER,Kitchen,
1006,CAN_OPENER,Kitchen,
1007,CHOPSTICK,Kitchen,Utensil
1008,CLOTH_NAPKIN,Kitchen,
1009,CLOTH_WRAP,Kitchen,
1010,COCKTAIL_SHAKER,Kitchen,
1011,COFFEE_FILTER,Kitchen,
1012,COFFEE_MAKER,Kitchen,
1013,COOKIE_CUTTER,Kitchen,
1014,COOKING_CONTAINER,Kitchen,
1015,COOKING_OVEN,Kitchen,
1016,COOKING_POT,Kitchen,
1017,COOKTOP,Kitchen,
1018,COOKWARE,Kitchen,
1019,COOKWARE_SET,Kitchen,
1020,COOLING_RACK,Kitchen,
1021,CORE_PIT_REMOVER,Kitchen,
1022,COUNTERTOP_BURNER,Kitchen,
1023,COUNTERTOP_FOOD_STEAMER,Kitchen,
1024,COUNTERTOP_GRIDDLE_APPLIANCE,Kitchen,
1025,COUNTERTOP_OVEN,Kitchen,
1026,CUTLERY,Kitchen,
1027,CUTTING_BOARD,Kitchen,
1028,DEEP_FRYER,Kitchen,
1029,DINNERWARE,Kitchen,
1030,DISH_DRYING_MAT,Kitchen,
1031,DISHWARE_BOWL,Kitchen,
1032,DISHWARE_PLACE_SETTING,Kitchen,
1033,DISHWARE_PLATE,Kitchen,
1034,DISHWASHER,Kitchen,
1035,DISHWASHER_DETERGENT,Kitchen,
1036,DISPOSABLE_NAPKIN,Kitchen,
1037,DRINK_COASTER,Kitchen,
1038,DRINKING_CUP,Kitchen,
1039,DRINKING_STRAW,Kitchen,
1040,DUTCH_OVENS,Kitchen,
1041,FLATWARE,Kitchen,
1042,FOOD_BLENDER,Kitchen,
1043,FOOD_DEHYDRATOR,Kitchen,
1044,FOOD_GRATER,Kitchen,
1045,FOOD_MASHER,Kitchen,
1046,FOOD_MILL_GRINDER,Kitchen,
1047,FOOD_MIXER,Kitchen,
1048,FOOD_OR_BEVERAGE_ RMER,Kitchen,
1049,FOOD_OR_BEVERAGE_WARMER,Kitchen,
1050,FOOD_PREPARATION_MOLD,Kitchen,
1051,FOOD_PROCESSOR,Kitchen,
1052,FOOD_SCOOP,Kitchen,
1053,FOOD_SERVICE_SUPPLY,Kitchen,
1054,FOOD_SHAKER,Kitchen,
1055,FOOD_SLICER,Kitchen,
1056,FOOD_SMOKER,Kitchen,
1057,FOOD_SPATULA,Kitchen,
1058,FOOD_STORAGE_BAG,Kitchen,
1059,FOOD_STORAGE_CONTAINER,Kitchen,
1060,FOOD_STRAINER,Kitchen,
1061,FOOD_WRAP,Kitchen,
1062,FORK,Kitchen,
1063,GARBAGE_DISPOSAL_UNIT,Kitchen,
1064,GARLIC_PRESS,Kitchen,
1065,GRAVITY_BEVERAGE_DISPENSER,Kitchen,
1066,GRIDDLE_PLATE,Kitchen,
1067,GRILL_SMOKER_COVER,Kitchen,
1068,HEATING_STOVE,Kitchen,
1069,ICE_CHEST,Kitchen,
1070,ICE_CREAM_MAKER,Kitchen,
1071,ICE_CUBE_TRAY,Kitchen,
1072,ICE_MAKER,Kitchen,
1073,JAR,Kitchen,
1074,JUICER,Kitchen,
1075,KITCHEN,Kitchen,
1076,Kitchen,Kitchen,
1077,KITCHEN_KNIFE,Kitchen,
1078,KITCHEN_TOOLS,Kitchen,
1079,KNIFE,Kitchen,
1080,KNIFE_BLOCK,Kitchen,
1081,KNIFE_BLOCK_SET,Kitchen,
1082,KNIFE_SHARPENER,Kitchen,
1083,LIGHTER_FLUID,Kitchen,
1084,MANUAL_FOOD_MILL_GRINDER,Kitchen,
1085,MEAL_HOLDER,Kitchen,
1086,MEASURING_CUP,Kitchen,
1087,MEAT,Kitchen,
1088,MEAT_ALTERNATIVE,Kitchen,
1089,MICROWAVE_OVEN,Kitchen,
1090,MILK_FROTHER,Kitchen,
1091,MORTAR_AND_PESTLE_SET,Kitchen,
1092,NAPKIN_HOLDER,Kitchen,
1093,NAPKIN_RING,Kitchen,
1094,PANTRY,Kitchen,
1095,PAPER_TOWEL,Kitchen,
1096,PAPER_TOWEL_HOLDER,Kitchen,
1097,PASTA_MAKER,Kitchen,
1098,PASTRY_BASTING_BRUSH,Kitchen,
1099,PIPING_TIP,Kitchen,
1100,PITCHER,Kitchen,
1101,PLACEMAT,Kitchen,
1102,POPCORN_POPPER,Kitchen,
1103,POT_HOLDER,Kitchen,
1104,PRESSURE_COOKER,Kitchen,
1105,RANGE,Kitchen,
1106,REFRIGERATION_APPLIANCE,Kitchen,
1107,REFRIGERATOR,Kitchen,
1108,RICE_COOKERS,Kitchen,
1109,ROASTING_PAN,Kitchen,
1110,ROLLING_PIN,Kitchen,
1111,ROTATING_TRAY,Kitchen,
1112,SALAD_SPINNER,Kitchen,
1113,SANITARY_NAPKIN,Kitchen,
1114,SAUTE_FRY_PAN,Kitchen,
1115,SEASONING_MILL,Kitchen,
1116,SERVEWARE,Kitchen,
1117,SHEET_PAN,Kitchen,
1118,SKEWER,Kitchen,
1119,SLOW_COOKER,Kitchen,
1120,SODA_MAKER,Kitchen,
1121,SOUS_VIDE_MACHINE,Kitchen,
1122,SPOON,Kitchen,
1123,SPOON_REST,Kitchen,
1124,STOVETOP_KETTLE,Kitchen,
1125,TEA_INFUSER,Kitchen,
1126,TEAPOT,Kitchen,
1127,THERMOS,Kitchen,
1128,TOASTER,Kitchen,
1129,TONG_UTENSIL,Kitchen,
1130,TRIVET,Kitchen,
1131,VENT_HOOD,Kitchen,
1132,WATER_DISPENSER,Kitchen,
1133,WHEEL_CUTTER,Kitchen,
1134,WHISK_UTENSIL,Kitchen,
1135,CLOTHES_HANGER,Home,
1136,CLOTHES_PIN,Home,
1137,CLOTHES_RACK,Home,
1138,ABIS_LAWN_AND_GARDEN,Lawn and Garden,
1139,AGRICULTURAL_SUPPLIES,Lawn and Garden,
1140,CHAINSAW,Lawn and Garden,
1141,CHAINSAW_CHAIN,Lawn and Garden,
1142,CLIMBING_PLANT_SUPPORT_STRUCTURE,Lawn and Garden,
1143,COMPOST_BIN,Lawn and Garden,
1144,DRIED_PLANT,Lawn and Garden,
1145,DRIP_IRRIGATION_KIT,Lawn and Garden,
1146,FENCE_PANEL,Lawn and Garden,
1147,FERTILIZER,Lawn and Garden,
1148,FLOWERS,Lawn and Garden,
1149,FOUNTAIN,Lawn and Garden,
1150,FREESTANDING_SHELTER,Lawn and Garden,
1151,FRESH_CUT_FLOWERS_PLANTS,Lawn and Garden,
1152,GARDEN_EDGING,Lawn and Garden,
1153,GARDEN_SHEAR_SCISSORS,Lawn and Garden,
1154,GARDEN_TOOL_SET,Lawn and Garden,
1155,GREENHOUSE,Lawn and Garden,
1156,HAMMOCK,Lawn and Garden,
1157,HAMMOCK_STAND,Lawn and Garden,
1158,INDOOR_GROW_ENCLOSURE,Lawn and Garden,
1159,IRRIGATION_EQUIPMENT,Lawn and Garden,
1160,IRRIGATION_SPRINKLER,Lawn and Garden,
1161,Lawn & Patio,Lawn and Garden,
1162,LAWN_MOWER,Lawn and Garden,
1163,LEAF_BLOWER,Lawn and Garden,
1164,LIGHTED_OUTDOOR_DISPLAY,Lawn and Garden,
1165,OUTBUILDING,Lawn and Garden,
1166,PLANT_SEED,Lawn and Garden,
1167,PLANTER,Lawn and Garden,
1168,RAKE,Lawn and Garden,
1169,RECIPROCATING_HEDGE_TRIMMER,Lawn and Garden,
1170,SEEDS_AND_PLANTS,Lawn and Garden,
1171,SHOVEL_SPADE,Lawn and Garden,
1172,SNOW_BLOWER,Lawn and Garden,
1173,SNOW_CHAIN,Lawn and Garden,
1174,SOIL,Lawn and Garden,
1175,SOIL_AERATOR,Lawn and Garden,
1176,SOIL_TILLER_CULTIVATOR,Lawn and Garden,
1177,STRING_TRIMMER,Lawn and Garden,
1178,VINE,Lawn and Garden,
1179,WATERING_CAN,Lawn and Garden,
1180,WEED_MOSS_CONTROL_AGENT,Lawn and Garden,
1181,WILDLIFE_FEEDER,Lawn and Garden,
1182,WIND_CHIME,Lawn and Garden,
1183,BIRDBATH,Lawn and Garden,
1184,ABIS_DOWNLOADABLE_SOFTWARE,Media,
1185,ABIS_DVD,Media,
1186,ABIS_EBOOKS,Media,
1187,ABIS_VIDEO,Media,
1188,ABIS_VIDEO_GAMES,Media,
1189,BLANK_MEDIA,Media,
1190,BLANK_STORAGE_MEDIA,Media,
1191,CONSUMER_SERVICES_SUBSCRIPTION,Media,
1192,DOWNLOADABLE_AUDIO,Media,
1193,DOWNLOADABLE_SOFTWARE,Media,
1194,DOWNLOADABLE_TV_SEASON,Media,
1195,DOWNLOADABLE_TV_SERIES,Media,
1196,DOWNLOADABLE_VIDEO_GAME,Media,
1197,DVD,Media,
1198,KINDLE_UNLIMITED_MEMBERSHIP,Media,
1199,MEDIA_STORAGE,Media,
1200,MOBILE_APPLICATION,Media,
1201,PHYSICAL_MOVIE,Media,
1202,PHYSICAL_SOFTWARE,Media,
1203,PHYSICAL_TV_SERIES,Media,
1204,PHYSICAL_VIDEO_GAME_SOFTWARE,Media,
1205,PODCAST_EPISODIC_AUDIO_BROADCAST,Media,
1206,PRELOADED_ELECTRONIC_GAME,Media,
1207,PRIME,Media,
1208,SKILL_APPLICATION,Media,
1209,SOFTWARE,Media,
1210,Software Download,Media,
1211,SOFTWARE_GAMES,Media,
1212,STREAMING_MUSIC_SUBSCRIPTION,Media,
1213,STREAMING_VIDEO_SUBSCRIPTION,Media,
1214,TV_TUNER_CARD,Media,
1215,VCR,Media,
1216,Video Game,Media,
1217,VIDEO_DVD,Media,
1218,VIDEO_GAME,Media,
1219,VIDEO_GAME_ACCESSORIES,Media,
1220,VIDEO_GAME_CONSOLE,Media,
1221,VIDEO_GAME_CONTROLLER,Media,
1222,VIDEO_GAME_HARDWARE,Media,
1223,VIDEO_GAME_PERIPHERAL_SET,Media,
1224,VIDEO_VHS,Media,
1225,ABIS_MUSIC,Music,
1226,AUDIO_CD_PLAYER,Music,
1227,AUDIO_MIDI_CONTROLLER,Music,
1228,AUDIO_MIDI_INTERFACE,Music,
1229,AUDIO_MIXING_CONSOLE,Music,
1230,AUDIO_OR_VIDEO,Music,
1231,AUDIO_POWER_AMPLIFIER,Music,
1232,BRASS_AND_WOODWIND_INSTRUMENTS,Music,Instrument
1233,CAPO,Music,
1234,GUITAR_EFFECT_DEVICE,Music,
1235,GUITARS,Music,
1236,INSTRUMENT_PARTS_AND_ACCESSORIES,Music,
1237,KARAOKE_MACHINE,Music,
1238,KEYBOARD_INSTRUMENTS,Music,
1239,MICROPHONE,Music,
1240,MICROPHONE_STAND,Music,
1241,MISC_WORLD_INSTRUMENTS,Music,
1242,MUSIC,Music,
1243,MUSIC_POPULAR,Music,
1244,MUSIC_POPULAR_VINYL,Music,
1245,MUSICAL_INSTRUMENT_AMPLIFIER,Music,
1246,MUSICAL_INSTRUMENT_STRING,Music,
1247,MUSICAL_INSTRUMENTS,Music,
1248,PERCUSSION_INSTRUMENTS,Music,
1249,STRINGED_INSTRUMENTS,Music,
1250,TUNER,Music,
1251,3D_GLASSES,Other,
1252,ABDOMINAL_EXERCISER,Other,
1253,ACCESSORY,Other,
1254,ACCESSORY_OR_PART_OR_SUPPLY,Other,
1255,ASHTRAY,Other,
1256,ASTRINGENT_SUBSTANCE,Other,
1257,AWNING,Other,
1258,BACKDROP,Other,
1259,BISS,Other,
1260,CHAFING_DISHES,Other,
1261,CHOLI,Other,
1262,CIGAR_CUTTER,Other,
1263,CIGARETTE_CASE,Other,
1264,COLLECTIBLE_COINS,Other,
1265,COLLECTIBLES,Other,
1266,CONDOM,Other,
1267,CORRECTION_MATERIAL,Other,
1268,DIP_SWITCH,Other,
1269,DISPLAY_ALBUM,Other,
1270,DISPLAY_ENCLOSURE,Other,
1271,DISPOSABLE_INCONTINENCE_SURFACE_PROTECTOR,Other,
1272,DRAFT_STOPPER,Other,
1273,DUPATTA,Other,
1274,DUVET_COVER,Other,
1275,DYE,Other,
1276,ELECTROSHOCK_WEAPON,Other,
1277,END_MILLS,Other,
1278,ENEMA_DOUCHE,Other,
1279,FABRIC,Other,
1280,FABRIC_APPLIQUE_PATCH,Other,
1281,FIXED_RESISTOR,Other,
1282,FLAME_WICK,Other,
1283,FLASHLIGHT,Other,
1284,FLEXIBLE_COUPLINGS,Other,
1285,FLEXIBLE_MAGNET,Other,
1286,FSN_DEVICES,Other,
1287,FUEL_LAMP,Other,
1288,GROMMETS,Other,
1289,GUILD_ACCESSORIES,Other,
1290,HANDLE_GRIP,Other,
1291,HANGING_ROD,Other,
1292,HEAT_PRESS,Other,
1293,HEAT_SINK,Other,
1294,HOOK_LOOP_FASTENER,Other,
1295,HOOKAH,Other,
1296,IMMERSION_HEATER,Other,
1297,IMPACT_PROTECTION_GEAR,Other,
1298,INSTALLATION_SERVICES,Other,
1299,INTERCONNECT,Other,
1300,ITEM_CONTAINER,Other,
1301,ITEM_STAND,Other,
1302,KURTA,Other,
1303,LIGHT_BOX,Other,
1304,LINEAR_GUIDES_AND_RAILS,Other,
1305,LOCATION_TRACKER,Other,
1306,MATERIAL_CERTIFICATION,Other,
1307,MATERIAL_HANDLING,Other,
1308,MATERIAL_HANDLING_TRUCK,Other,
1309,MESS_KIT,Other,
1310,METALS,Other,
1311,MISC_OTHER,Other,
1312,Misc.,Other,
1313,MONEY_BANK,Other,
1314,MOUNTED_STORAGE_SYSTEM_KIT,Other,
1315,NASAL_ASPIRATOR,Other,
1316,NETTING_COVER,Other,
1317,NICOTINE_REPLACEMENT,Other,
1318,NONAPPARELMISC,Other,
1319,PLASTIC_TUBING,Other,
1320,PLASTICS,Other,
1321,PLECTRUM,Other,
1322,PRESSER_FOOT,Other,
1323,PRODUCT,Other,
1324,PROTECTED_COLLECTION,Other,
1325,RAMP,Other,
1326,ROLLER_CHAIN,Other,
1327,ROLLING_PAPER,Other,
1328,SELF_DEFENSE_SPRAY,Other,
1329,SEXUAL_STIMULATION_DEVICE,Other,
1330,SEXUAL_WELLNESS,Other,
1331,SHADE_SAIL,Other,
1332,SHAFT_COLLAR,Other,
1333,SHARP_PIN,Other,
1334,SMOKING_PIPE,Other,
1335,SWORD,Other,
1336,TEMPORARY_HANGER_HOOK,Other,
1337,THICKENING_AGENT,Other,
1338,THREAD_CORD,Other,
1339,THREADING_DIES,Other,
1340,THREADING_TAPS,Other,
1341,TONNEAU_COVER,Other,
1342,TRAY,Other,
1343,URN,Other,
1344,AIMING_SCOPE_SIGHT,Outdoors,
1345,AIR_GUN,Outdoors,
1346,AIR_GUN_PROJECTILE,Outdoors,
1347,ANCHOR_STAKE,Outdoors,
1348,AXE,Outdoors,
1349,BINOCULAR,Outdoors,
1350,CAMPING_EQUIPMENT,Outdoors,
1351,CANNED_AIR,Outdoors,
1352,CARABINER,Outdoors,
1353,FISHING_EQUIPMENT,Outdoors,
1354,FISHING_HOOK,Outdoors,
1355,FISHING_LINE,Outdoors,
1356,FISHING_NET,Outdoors,
1357,FISHING_REEL,Outdoors,
1358,FISHING_ROD,Outdoors,
1359,FISHING_ROD_HOLDER,Outdoors,
1360,FISHING_ROD_REEL_COMBO,Outdoors,
1361,FISHING_WEIGHT,Outdoors,
1362,FLASK,Outdoors,
1363,GUN_CLEANING_KIT,Outdoors,
1364,GUN_GRIP,Outdoors,
1365,GUN_HOLSTER,Outdoors,
1366,GUN_RACK,Outdoors,
1367,GUN_SLING,Outdoors,
1368,GUN_SUPPORT,Outdoors,
1369,HAND_FAN,Outdoors,
1370,HIP_FLASK,Outdoors,
1371,INSECT_REPELLENT,Outdoors,
1372,KAYAK,Outdoors,
1373,MAPS,Outdoors,
1374,METAL_DETECTOR,Outdoors,
1375,NAVIGATION_COMPASS,Outdoors,
1376,OUTDOOR_RECREATION_PRODUCT,Outdoors,
1377,PADDLEBOARD,Outdoors,
1378,PERSONAL_FLOTATION_DEVICE,Outdoors,
1379,PICNIC_HOLDER,Outdoors,
1380,POOL_COVER,Outdoors,
1381,POOL_HEATER,Outdoors,
1382,POOL_SPA_WATER_TREATMENT,Outdoors,
1383,POOL_VACUUM,Outdoors,
1384,PORTABLE_FREESTANDING_SHELTER,Outdoors,
1385,PORTABLE_STOVE,Outdoors,
1386,POWERSPORT_VEHICLE_FOOTREST,Outdoors,
1387,POWERSPORTS_PROTECTIVE_GEAR,Outdoors,
1388,POWERSPORTS_RIDING_APPAREL,Outdoors,
1389,POWERSPORTS_RIDING_GLOVES,Outdoors,
1390,POWERSPORTS_RIDING_HELMET,Outdoors,
1391,POWERSPORTS_RIDING_JACKET,Outdoors,
1392,POWERSPORTS_VEHICLE,Outdoors,
1393,POWERSPORTS_VEHICLE_PART,Outdoors,
1394,PROJECTILE_BOW,Outdoors,
1395,RANGEFINDER,Outdoors,
1396,SLEEPING_BAG,Outdoors,
1397,SLEEPING_MAT,Outdoors,
1398,SNORKELING_SET,Outdoors,
1399,SNOWBOARD_BINDING,Outdoors,
1400,SNOWBOARD_BOOT,Outdoors,
1401,SNOWSHOE,Outdoors,
1402,SNOWSUIT,Outdoors,
1403,SOLID_FIRE_FUEL,Outdoors,
1404,SPORT_BOARD_SKI,Outdoors,
1405,SPORT_WETSUIT,Outdoors,
1406,SPORTING_AND_OUTDOOR_GOODS,Outdoors,
1407,SURVIVAL_KIT,Outdoors,
1408,SWING,Outdoors,
1409,TARP,Outdoors,
1410,TENT,Outdoors,
1411,WALKING_STICK,Outdoors,
1412,WATER_FLOTATION_DEVICE,Outdoors,
1413,WATERCRAFT_PADDLE,Outdoors,
1414,WEAPON_CASE,Outdoors,
1415,WINDING_REEL,Outdoors,
1416,ABIS_BEAUTY,Personal Care,
1417,BEAUTY,Personal Care,
1418,BODY_CARE_PRODUCT,Personal Care,
1419,BODY_DEODORANT,Personal Care,
1420,BODY_LUBRICANT,Personal Care,
1421,CONDITIONER,Personal Care,
1422,CONTACT_LENS_CLEANER,Personal Care,
1423,CONTACT_LENSES,Personal Care,
1424,COSMETIC_BRUSH,Personal Care,
1425,COSMETIC_CASE,Personal Care,
1426,COSMETIC_NAIL_SET,Personal Care,
1427,COSMETIC_POWDER,Personal Care,
1428,COSMETIC_SPONGE,Personal Care,
1429,COTTON_PAD,Personal Care,
1430,CUTICLE_PUSHER,Personal Care,
1431,DENTAL_FLOSS,Personal Care,
1432,DRY_SHAMPOO,Personal Care,
1433,ESSENTIAL_OIL,Personal Care,
1434,EYEBROW_COLOR,Personal Care,
1435,EYEGLASS_CASE,Personal Care,
1436,EYEGLASS_FRAME,Personal Care,
1437,EYEGLASS_REPAIR_KIT,Personal Care,
1438,EYELASH_CURLER,Personal Care,
1439,EYELID_COLOR,Personal Care,
1440,EYEWEAR,Personal Care,
1441,FACE_SHAPING_MAKEUP,Personal Care,
1442,FACE_SHIELD,Personal Care,
1443,FACIAL_STEAMER,Personal Care,
1444,FACIAL_TISSUE,Personal Care,
1445,FALSE_EYELASH,Personal Care,
1446,FALSE_NAIL,Personal Care,
1447,FRAGRANCE,Personal Care,
1448,GUILD_BEAUTY_GROOMING,Personal Care,
1449,HAIR_BRUSH,Personal Care,
1450,HAIR_CARE_AGENT,Personal Care,
1451,HAIR_CARE_PRODUCT,Personal Care,
1452,HAIR_CLEANER_CONDITIONER,Personal Care,
1453,HAIR_CLIP,Personal Care,
1454,HAIR_COLORING_AGENT,Personal Care,
1455,HAIR_COMB,Personal Care,
1456,HAIR_DRYER,Personal Care,
1457,HAIR_EXTENSION,Personal Care,
1458,HAIR_IRON,Personal Care,
1459,HAIR_REMOVAL_AGENT,Personal Care,
1460,HAIR_REMOVAL_AND_SHAVING_PRODUCT,Personal Care,
1461,HAIR_ROLLER,Personal Care,
1462,HAIR_STYLING_AGENT,Personal Care,
1463,HAIR_TIE,Personal Care,
1464,HAIR_TRIMMER,Personal Care,
1465,HAIR_TRIMMING_KIT,Personal Care,
1466,HAND_SANITIZER,Personal Care,
1467,Health and Beauty,Personal Care,
1468,HEALTH_PERSONAL_CARE,Personal Care,
1469,HELMET,Personal Care,
1470,LIP_BALM,Personal Care,
1471,LIP_COLOR,Personal Care,
1472,LUXURY_BEAUTY,Personal Care,
1473,MAKE_UP,Personal Care,
1474,MAKEUP_PRIMER,Personal Care,
1475,MAKEUP_VANITY,Personal Care,
1476,MANUAL_SHAVING_RAZOR,Personal Care,
1477,MASCARA,Personal Care,
1478,MASSAGE_STICK,Personal Care,
1479,MICROCURRENT_FACIAL_MACHINE,Personal Care,
1480,MOUTH_GUARD,Personal Care,
1481,MOUTHWASH,Personal Care,
1482,NAIL_CLIPPER,Personal Care,
1483,NAIL_DRILL,Personal Care,
1484,NAIL_DRYER,Personal Care,
1485,NAIL_FILE,Personal Care,
1486,NAIL_POLISH,Personal Care,
1487,NAIL_POLISH_BRUSH,Personal Care,
1488,NAIL_POLISH_REMOVER,Personal Care,
1489,NAIL_POWDER,Personal Care,
1490,NAIL_TREATMENT,Personal Care,
1491,ORAL_IRRIGATOR,Personal Care,
1492,PERSONAL_CARE_APPLIANCE,Personal Care,
1493,PERSONAL_FRAGRANCE,Personal Care,
1494,RAZOR_BLADE_CARTRIDGE,Personal Care,
1495,SELF_TANNER,Personal Care,
1496,SHAMPOO,Personal Care,
1497,SHAVING_AGENT,Personal Care,
1498,SHAVING_BRUSH,Personal Care,
1499,SKIN_BLEMISH_REMOVAL_TOOL,Personal Care,
1500,SKIN_CARE_AGENT,Personal Care,
1501,SKIN_CARE_PRODUCT,Personal Care,
1502,SKIN_CLEANING_AGENT,Personal Care,
1503,SKIN_CLEANING_BRUSH,Personal Care,
1504,SKIN_CLEANING_WIPE,Personal Care,
1505,SKIN_EXFOLIANT,Personal Care,
1506,SKIN_FOUNDATION_CONCEALER,Personal Care,
1507,SKIN_MOISTURIZER,Personal Care,
1508,SKIN_PROTECTANT,Personal Care,
1509,SKIN_SERUM,Personal Care,
1510,SKIN_TREATMENT_MASK,Personal Care,
1511,SLEEP_MASK,Personal Care,
1512,SUNSCREEN,Personal Care,
1513,TAMPON,Personal Care,
1514,THERAPEUTIC_THERMAL_COMPRESS,Personal Care,
1515,TOOTH_CLEANING_AGENT,Personal Care,
1516,TOOTH_WHITENER,Personal Care,
1517,TOOTHBRUSH,Personal Care,
1518,TOOTHBRUSH_HEAD,Personal Care,
1519,TOOTHBRUSH_HOLDER,Personal Care,
1520,TOPICAL_HAIR,Personal Care,
1521,TOPICAL_HAIR_REGROWTH_TREATMENT,Personal Care,
1522,TOPICALS,Personal Care,
1523,TWEEZER,Personal Care,
1524,UMBRELLA,Personal Care,
1525,ABIS_PET_PRODUCTS,Pet Supplies,
1526,ANIMAL_CAGE,Pet Supplies,
1527,ANIMAL_CARRIER,Pet Supplies,
1528,ANIMAL_COLLAR,Pet Supplies,
1529,ANIMAL_FUR_CLEANER_CONDITIONER,Pet Supplies,
1530,ANIMAL_HARNESS,Pet Supplies,
1531,ANIMAL_INCONTINENCE_PROTECTOR,Pet Supplies,
1532,ANIMAL_LITTER,Pet Supplies,
1533,ANIMAL_MEDICATION,Pet Supplies,
1534,ANIMAL_MUZZLE,Pet Supplies,
1535,ANIMAL_NUTRITIONAL_SUPPLEMENT,Pet Supplies,
1536,ANIMAL_PERCH,Pet Supplies,
1537,ANIMAL_RECOVERY_COLLAR_CONE,Pet Supplies,
1538,ANIMAL_SHELTER,Pet Supplies,
1539,ANIMAL_STAIR,Pet Supplies,
1540,ANIMAL_VITAMIN,Pet Supplies,
1541,ANIMAL_WATER_DISPENSER,Pet Supplies,
1542,AQUARIUM_POND_WATER_TREATMENT,Pet Supplies,
1543,GUILD_PET_SUPPLIES,Pet Supplies,
1544,HORSE_TACK_EQUIPMENT,Pet Supplies,
1545,LEASH,Pet Supplies,
1546,LITTER_BOX,Pet Supplies,
1547,LITTER_BOX_ENCLOSURE,Pet Supplies,
1548,PAW_HOOF_PROTECTOR,Pet Supplies,
1549,PET_ACTIVITY_STRUCTURE,Pet Supplies,
1550,PET_APPAREL,Pet Supplies,
1551,PET_BED_MAT,Pet Supplies,
1552,PET_DOOR,Pet Supplies,
1553,PET_FEEDER,Pet Supplies,
1554,PET_FOOD,Pet Supplies,
1555,PET_FUR_DEODORIZER,Pet Supplies,
1556,PET_HEALTH_CARE,Pet Supplies,
1557,PET_PEST_CONTROL,Pet Supplies,
1558,PET_PLACEMAT,Pet Supplies,
1559,PET_PLAYPEN,Pet Supplies,
1560,PET_SEAT,Pet Supplies,
1561,PET_SUPPLIES,Pet Supplies,
1562,PET_TOY,Pet Supplies,
1563,SQUEEZE_TOY,Pet Supplies,
1564,VIVARIUM,Pet Supplies,
1565,PHOTOGRAPHIC_FILM,Arts and Crafts,Photography
1566,PHOTOGRAPHIC_LIGHT_METER,Arts and Crafts,Photography
1567,PHOTOGRAPHIC_LIGHTING,Arts and Crafts,Photography
1568,PHOTOGRAPHIC_PAPER,Arts and Crafts,Photography
1569,PHOTOGRAPHIC_STUDIO_ITEMS,Arts and Crafts,Photography
1570,ABIS_OFFICE_PRODUCT,School and Office,
1571,BADGE_HOLDER,School and Office,
1572,BANNER,School and Office,
1573,BAR_CODE_READER,School and Office,
1574,CARD_DOCUMENT_SLEEVE,School and Office,
1575,CARD_STOCK,School and Office,
1576,CLIPBOARD,School and Office,
1577,DESK,School and Office,
1578,DESK_PAD,School and Office,
1579,DIE_CUT_MACHINE,School and Office,
1580,EDUCATIONAL_SUPPLIES,School and Office,
1581,ELASTIC_BAND,School and Office,
1582,ENVELOPE,School and Office,
1583,ERASER,School and Office,
1584,FILE_FOLDER,School and Office,
1585,FLASH_CARD,School and Office,
1586,HOLE_PUNCH,School and Office,
1587,INK_OR_TONER,School and Office,
1588,INKJET_PRINTER_INK,School and Office,
1589,LABEL,School and Office,
1590,LAMINATOR,School and Office,
1591,LAP_DESK,School and Office,
1592,LETTER_OPENER,School and Office,
1593,LIQUID_INK,School and Office,
1594,MANNEQUIN_CLOTHING_FORM,School and Office,
1595,MARKING_PEN,School and Office,
1596,MOUSE_PAD,School and Office,
1597,Office Product,School and Office,
1598,OFFICE_ELECTRONICS,School and Office,
1599,OFFICE_PRODUCTS,School and Office,
1600,PACKING_MATERIAL,School and Office,
1601,PAPER_CLIP_CLAMP,School and Office,
1602,PAPER_PRODUCT,School and Office,
1603,PAPER_SHREDDER,School and Office,
1604,PEN_MARKER_INK_CARTRIDGE_REFILL,School and Office,
1605,PENCIL_LEAD_REFILL,School and Office,
1606,PENCIL_SHARPENER,School and Office,
1607,PLANNER,School and Office,
1608,PRINT_COPY_PAPER,School and Office,
1609,PRINTED_MEDIA,School and Office,
1610,PRINTED_PRODUCT,School and Office,
1611,PRINTER,School and Office,
1612,PRINTS_AND_POSTERS,School and Office,
1613,PROTOTYPING_BOARD,School and Office,
1614,RUBBER_STAMP,School and Office,
1615,RULER,School and Office,
1616,SCISSORS,School and Office,
1617,SELF_STICK_NOTE,School and Office,
1618,SHEET_PAPER,School and Office,
1619,SHIPPING_BOX,School and Office,
1620,SIGNAGE,School and Office,
1621,SNAP_FASTENER,School and Office,
1622,STAMPS,School and Office,
1623,STAPLER,School and Office,
1624,STORAGE_BINDER,School and Office,
1625,STORE_FIXTURES_AND_EQUIPMENT,School and Office,
1626,TAPE_LABEL_DISPENSER,School and Office,
1627,TASK_TRAY,School and Office,
1628,TEACHING_AND_SCHOOL_SUPPLIES,School and Office,
1629,TEACHING_EQUIPMENT,School and Office,
1630,TICKET_ROLL,School and Office,
1631,WRIST_REST,School and Office,
1632,WRITING_BOARD,School and Office,
1633,WRITING_INSTRUMENT,School and Office,
1634,WRITING_PAPER,School and Office,
1635,BINDER_DIVIDER,School and Office,
1636,CALCULATOR,School and Office,
1637,CALENDAR,School and Office,
1638,ACCELERATION_SENSOR,Science,
1639,BIOMETRIC_MONITOR,Science,
1640,CAPACITOR,Science,
1641,CHEMICAL_TEST_STRIP,Science,
1642,CLINICAL_DIAGNOSTIC_TESTING_KIT,Science,
1643,DIMENSIONAL_MEASUREMENT_CALIPER,Science,
1644,EPILATOR,Science,
1645,HEAT_TRANSFER_MATERIAL,Science,
1646,INCUBATOR,Science,
1647,LAB_CHEMICAL,Science,
1648,LAB_PUMP,Science,
1649,LAB_SUPPLY,Science,
1650,LAB_SUPPLY_TUBE,Science,
1651,LAB_UTENSIL,Science,
1652,MICROSCOPES,Science,
1653,PIPET,Science,
1654,PRECISION_MEASURING,Science,
1655,PROTECTIVE_GEAR,Science,
1656,PROTECTIVE_GLOVE,Science,
1657,RADAR_DETECTOR,Science,
1658,RAW_MATERIALS,Science,
1659,SCIENCE_FUNDAMENTALS_KIT,Science,
1660,SONAR_FATHOMETER,Science,
1661,STETHOSCOPE,Science,
1662,TELESCOPE,Science,
1663,THERMISTOR,Science,
1664,THERMOMETER,Science,
1665,THERMOPLASTIC_FILAMENT,Science,
1666,VIBRATION_SENSOR,Science,
1667,WEATHER_STATION,Science,
1668,ZENER_DIODE,Science,
1669,ROTARY_TOOL,Tools,
1670,ABRASIVE_BRUSH,Tools,
1671,ABRASIVE_DISCS,Tools,
1672,ABRASIVE_SHEETS,Tools,
1673,ABRASIVE_WHEELS,Tools,
1674,ABRASIVES,Tools,
1675,ADHESIVE_TAPES,Tools,
1676,ADHESIVES_AND_SEALANTS,Tools,
1677,AIR_COMPRESSOR,Tools,
1678,AIR_PUMP,Tools,
1679,ALARM,Tools,
1680,BAR_TOOL_SET,Tools,
1681,BLOWTORCH,Tools,
1682,BOLTS,Tools,
1683,BONDING_ADHESIVES,Tools,
1684,BUILDING_MATERIAL,Tools,
1685,BUNGEE_CORD,Tools,
1686,CABLE,Tools,
1687,CABLE_ASSEMBLY,Tools,
1688,CABLE_TIE,Tools,
1689,CAULKS,Tools,
1690,CHISEL,Tools,
1691,COMPRESSION_SPRINGS,Tools,
1692,CORD_ROPE,Tools,
1693,CRIMPING_PLIERS,Tools,
1694,CUTTING_TOOLS,Tools,
1695,DENT_REMOVAL_TOOL,Tools,
1696,DISC_GRINDER_TOOL,Tools,
1697,DRILL,Tools,
1698,DRILL_BITS,Tools,
1699,EARPLUG,Tools,
1700,FASTENER_DRIVE_BIT,Tools,
1701,FUNNEL,Tools,
1702,HAMMER_MALLET,Tools,
1703,HARDWARE_ANCHOR,Tools,
1704,HARDWARE_BEARING,Tools,
1705,HARDWARE_CLAMP_VISE,Tools,
1706,HARDWARE_HANDLE,Tools,
1707,HARDWARE_HINGE,Tools,
1708,HARDWARE_NAIL,Tools,
1709,HARDWARE_PIN,Tools,
1710,HARDWARE_PLANER,Tools,
1711,HARDWARE_SPACER,Tools,
1712,HARDWARE_STAPLE,Tools,
1713,HARDWARE_TUBING,Tools,
1714,HOSE_PIPE_FITTING,Tools,
1715,HOT_GLUE_GUN,Tools,
1716,HOUSEHOLD_STAIN,Tools,
1717,HOUSEHOLD_VARNISH,Tools,
1718,KNEE_PAD,Tools,
1719,LADDER,Tools,
1720,LEVEL,Tools,
1721,MACHINE_LUBRICANT,Tools,
1722,MACHINE_THREADING_TOOL,Tools,
1723,MAGNIFIER,Tools,
1724,MECHANICAL_BELT,Tools,
1725,MECHANICAL_COMPONENTS,Tools,
1726,MECHANICAL_FASTENERS,Tools,
1727,MECHANICAL_LIGHTER,Tools,
1728,METAL_TUBING,Tools,
1729,MOUNT_BRACKET,Tools,
1730,MULTITOOL,Tools,
1731,O_RINGS,Tools,
1732,PALETTE_PUTTY_KNIFE,Tools,
1733,PLIERS,Tools,
1734,PLUMBING_FIXTURE,Tools,
1735,POLISHING_BUFFING_TOOL,Tools,
1736,PORTABLE_TOOL_BOX,Tools,
1737,POWER_HOISTS,Tools,
1738,POWER_TOOL_SET,Tools,
1739,POWER_WINCHES,Tools,
1740,PULLEYS,Tools,
1741,PUMP_DISPENSER,Tools,
1742,PUMP_SPRAYER,Tools,
1743,PUNCH_TOOL,Tools,
1744,RIVET,Tools,
1745,ROUTER_BIT,Tools,
1746,ROUTER_POWER_TOOL,Tools,
1747,SAFETY_GLASSES,Tools,
1748,SAFETY_HARNESS,Tools,
1749,SAFETY_MASK,Tools,
1750,SAFETY_MASK_REPLACEMENT_FILTER,Tools,
1751,SAFETY_MASK_STRAP_EXTENDER,Tools,
1752,SAFETY_SUPPLY,Tools,
1753,SANDER,Tools,
1754,SAW,Tools,
1755,SAW_BLADE,Tools,
1756,SCREW_GUN,Tools,
1757,SCREWDRIVER,Tools,
1758,SCREWS,Tools,
1759,SEALANT,Tools,
1760,SEALS,Tools,
1761,SOLDERING_IRON,Tools,
1762,SOLDERING_STATION,Tools,
1763,SPROCKETS,Tools,
1764,STEP_STOOL,Tools,
1765,SUSPENSION_LIFT_SUPPORT,Tools,
1766,TAPE_MEASURE,Tools,
1767,THREADED_RODS_AND_STUDS,Tools,
1768,THREADSEALING_ADHESIVES,Tools,
1769,TIMER,Tools,
1770,TOOL_BELT,Tools,
1771,TOOL_CHUCK,Tools,
1772,TOOLS,Tools,
1773,Tools & Home Improvement,Tools,
1774,UTILITY_CART_WAGON,Tools,
1775,UTILITY_HOLSTER_POUCH,Tools,
1776,UTILITY_JACK,Tools,
1777,UTILITY_KNIFE,Tools,
1778,UTILITY_MAGNET,Tools,
1779,VALVE,Tools,
1780,WASHERS,Tools,
1781,WIRE,Tools,
1782,WIRE_STRIPPER,Tools,
1783,WORKBENCH,Tools,
1784,WRENCH,Tools,
1785,ABIS_SPORTS,Toys and Games,Sports
1786,ABIS_TOY,Toys and Games,
1787,BALL_LAUNCHER,Toys and Games,
1788,BALLOON,Toys and Games,
1789,BUBBLE_MAKER,Toys and Games,
1790,CARD_SHUFFLER,Toys and Games,
1791,COLLAPSIBLE_PLAY_STRUCTURE,Toys and Games,
1792,COLLECTIBLE_CARD,Toys and Games,
1793,DART_FLIGHT,Toys and Games,Sports
1794,DARTBOARD,Toys and Games,Sports
1795,DIVE_MASK,Toys and Games,
1796,DOLL_CLOTHING,Toys and Games,
1797,FIDGET_TOY,Toys and Games,
1798,FIDGET_TOY_SPINNER,Toys and Games,
1799,FIGURINE,Toys and Games,
1800,GUILD_TOYS_AND_GAMES,Toys and Games,
1801,HOBBIES,Toys and Games,
1802,HOPPING_TOY,Toys and Games,
1803,INFLATABLE_BOUNCER,Toys and Games,
1804,KICK_SCOOTER,Toys and Games,
1805,KITE,Toys and Games,
1806,MARBLE_TRACK,Toys and Games,
1807,MINIATURE_TOY_BUILDING,Toys and Games,
1808,MINIATURE_TOY_FURNISHING,Toys and Games,
1809,MODEL,Toys and Games,
1810,MUSICAL_INSTRUMENT_TOY,Toys and Games,
1811,NON_RIDING_TOY_VEHICLE,Toys and Games,
1812,PLAY_SLIDE,Toys and Games,
1813,PLAY_WORKSTATION,Toys and Games,
1814,PLAYARD,Toys and Games,
1815,PLAYHOUSE,Toys and Games,
1816,PRETEND_PLAY_TOY,Toys and Games,
1817,PUPPET,Toys and Games,
1818,PUSH_PULL_TOY,Toys and Games,
1819,PUZZLES,Toys and Games,
1820,RECREATION_BALL,Toys and Games,
1821,RIDE_ON_TOY,Toys and Games,
1822,ROLLER_SKATE,Toys and Games,
1823,SANDBOX,Toys and Games,
1824,SHIN_GUARD,Toys and Games,Sports
1825,SKATEBOARD,Toys and Games,Sports
1826,SLED,Toys and Games,
1827,SPINNING_TOY_TOP,Toys and Games,
1828,SPLASH_POOL,Toys and Games,
1829,SPORT_ACTIVITY_GLOVE,Toys and Games,Sports
1830,SPORT_BAT,Toys and Games,Sports
1831,SPORT_BINDING,Toys and Games,Sports
1832,SPORT_EQUIPMENT_BAG_CASE,Toys and Games,Sports
1833,SPORT_FACE_MASK,Toys and Games,Sports
1834,SPORT_GOAL,Toys and Games,Sports
1835,SPORT_HELMET,Toys and Games,Sports
1836,SPORT_MITT,Toys and Games,Sports
1837,SPORT_NET,Toys and Games,Sports
1838,SPORT_POM_POM,Toys and Games,Sports
1839,SPORT_RACKET,Toys and Games,Sports
1840,SPORT_TABLE_GAME,Toys and Games,Sports
1841,SPORT_TARGET,Toys and Games,Sports
1842,SPORTING_GOODS,Toys and Games,Sports
1843,Sports,Toys and Games,Sports
1844,SWIM_CAP,Toys and Games,Sports
1845,SWIM_FIN,Toys and Games,Sports
1846,SWIMMING_POOL,Toys and Games,Sports
1847,SWIMWEAR,Toys and Games,Sports
1848,TABLETOP_GAME,Toys and Games,
1849,TARGET_TOSSING_GAME,Toys and Games,
1850,TECHNICAL_SPORT_SHOE,Toys and Games,
1851,Toy,Toys and Games,
1852,TOY_BUILDING_BLOCK,Toys and Games,
1853,TOY_FIGURE,Toys and Games,
1854,TOY_FIGURE_PLAYSET,Toys and Games,
1855,TOY_GUN,Toys and Games,
1856,TOY_MODEL_VEHICLE_TRACK,Toys and Games,
1857,TOY_SLIME,Toys and Games,
1858,TOY_STROLLER,Toys and Games,
1859,TOY_VEHICLE_SET,Toys and Games,
1860,TOYS_AND_GAMES,Toys and Games,
1861,TRACTION_CLEAT,Toys and Games,Sports
1862,TRADING_CARDS_CARDS_SETS,Toys and Games,
1863,TRADING_CARDS_FACTORY_SEALED,Toys and Games,
1864,TRADING_CARDS_MISC_TRADING_CARDS,Toys and Games,
1865,TRADING_CARDS_UNGRADED_INSERTS,Toys and Games,
1866,TRAMPOLINE,Toys and Games,
1867,WATER_PLAY_SPRINKLER,Toys and Games,
1868,WHISTLE,Toys and Games,
1869,WIND_SPINNER,Toys and Games,
1870,YO_YO,Toys and Games,
